{
  "mx" : {
    "GPSLatitude": -99.4238064,
    "GPSLongitude": 19.390519
  },
  "ar" : {
    "GPSLatitude": -58.5033388,
    "GPSLongitude": -34.6158037
  },
  "br" : {
    "GPSLatitude": -48.0211406,
    "GPSLongitude": -15.7699617
  }
}
